"Method","variable","logscore"
"MCMC","xLogScore",0.311024301264964
"VB","xLogScore",0.173278222129703
"MCMC","xLogScore",-1.26814878512179
"VB","xLogScore",-1.01346817378459
"MCMC","xLogScore",-0.416849532241109
"VB","xLogScore",-0.245570059790505
"MCMC","xLogScore",-0.569322466109674
"VB","xLogScore",-0.078119591579914
"MCMC","xLogScore",-0.337712212379138
"VB","xLogScore",-0.145139772425192
"MCMC","xLogScore",0.0984786999935368
"VB","xLogScore",0.180608411995209
"MCMC","xLogScore",0.0732066436935456
"VB","xLogScore",0.112011156642046
"MCMC","xLogScore",0.187125111204559
"VB","xLogScore",0.241921107406839
"MCMC","xLogScore",-0.0058214750749859
"VB","xLogScore",0.252131766848922
"MCMC","xLogScore",0.107752584071881
"VB","xLogScore",0.222999178935075
"MCMC","xLogScore",-0.0476380491280536
"VB","xLogScore",0.313805630940821
"MCMC","xLogScore",-0.0455788833114039
"VB","xLogScore",0.264061092787465
"MCMC","xLogScore",-0.0144861716851117
"VB","xLogScore",0.100488227996395
"MCMC","xLogScore",0.0977580236760847
"VB","xLogScore",0.216575456830264
"MCMC","xLogScore",-1.365550728913
"VB","xLogScore",-0.36424082978589
"MCMC","xLogScore",-0.961653131815144
"VB","xLogScore",-0.795231142011857
"MCMC","xLogScore",0.0509963627277847
"VB","xLogScore",0.348982899357504
"MCMC","xLogScore",0.11269611853332
"VB","xLogScore",0.423094608791608
"MCMC","xLogScore",0.0175745290606714
"VB","xLogScore",0.104532458738766
"MCMC","xLogScore",-0.227377915176841
"VB","xLogScore",-0.0806460405051264
"MCMC","xLogScore",0.0314572916682136
"VB","xLogScore",0.119746598502739
"MCMC","xLogScore",0.288908291529618
"VB","xLogScore",-0.029630403191236
"MCMC","xLogScore",-1.36372687065522
"VB","xLogScore",-1.25881359367391
"MCMC","xLogScore",-0.160208388469917
"VB","xLogScore",0.225471371071716
"MCMC","xLogScore",-0.099190130861725
"VB","xLogScore",0.0809150567937824
"MCMC","xLogScore",0.129703565800218
"VB","xLogScore",0.324167690150271
"MCMC","xLogScore",-0.260869622677773
"VB","xLogScore",0.198768105649177
"MCMC","xLogScore",-0.0471620458505175
"VB","xLogScore",-0.37116198575145
"MCMC","xLogScore",-0.0445263925098639
"VB","xLogScore",-0.243937165746262
"MCMC","xLogScore",0.0413094635226095
"VB","xLogScore",0.137722096824522
"MCMC","xLogScore",-0.0702556837745769
"VB","xLogScore",0.666527161716406
"MCMC","xLogScore",-0.58581917213405
"VB","xLogScore",-0.0629605913556879
"MCMC","xLogScore",0.19826610597508
"VB","xLogScore",0.484867464927921
"MCMC","xLogScore",0.0605517368542284
"VB","xLogScore",0.716711330941724
"MCMC","xLogScore",0.107012254722269
"VB","xLogScore",0.153701177061535
"MCMC","xLogScore",-0.212222764952314
"VB","xLogScore",-0.476176828228791
"MCMC","xLogScore",0.0467595655858759
"VB","xLogScore",0.251367477896369
"MCMC","xLogScore",0.136642517074968
"VB","xLogScore",0.44188693182147
"MCMC","xLogScore",0.192399413973594
"VB","xLogScore",0.546937324154757
"MCMC","xLogScore",0.101291139968984
"VB","xLogScore",0.331336360471846
"MCMC","xLogScore",0.0155356290914562
"VB","xLogScore",-0.0137513794435141
"MCMC","xLogScore",-0.456772059553468
"VB","xLogScore",0.03469889951552
"MCMC","xLogScore",-0.141802426394654
"VB","xLogScore",-0.16701094594382
"MCMC","xLogScore",-0.188981851344935
"VB","xLogScore",-0.293453571025816
"MCMC","xLogScore",-0.0774010648547085
"VB","xLogScore",0.538534829567797
"MCMC","xLogScore",-0.899562575567472
"VB","xLogScore",-1.1386598620227
"MCMC","xLogScore",0.152033237872235
"VB","xLogScore",0.412572876326985
"MCMC","xLogScore",0.156231327685276
"VB","xLogScore",0.665345691143293
"MCMC","xLogScore",-0.149895578326251
"VB","xLogScore",0.0978248137215612
"MCMC","xLogScore",-0.0900164076075566
"VB","xLogScore",0.0302063155238816
"MCMC","xLogScore",0.115572758805978
"VB","xLogScore",0.367308337624477
"MCMC","xLogScore",-0.156332816611724
"VB","xLogScore",-0.0941087000450471
"MCMC","xLogScore",0.0253717796205745
"VB","xLogScore",0.249542605624227
"MCMC","xLogScore",0.0371848333864221
"VB","xLogScore",-0.0374919245275354
"MCMC","xLogScore",0.1820499750675
"VB","xLogScore",0.200736980810001
"MCMC","xLogScore",0.193652789613651
"VB","xLogScore",0.109424760278038
"MCMC","xLogScore",-0.346451138521294
"VB","xLogScore",-0.213120385234985
"MCMC","xLogScore",0.222582039589384
"VB","xLogScore",0.315657858345133
"MCMC","xLogScore",-1.04520957663756
"VB","xLogScore",-1.69295202824763
"MCMC","xLogScore",0.171865354592173
"VB","xLogScore",0.265052586567831
"MCMC","xLogScore",0.083226651358525
"VB","xLogScore",0.0341367428275668
"MCMC","xLogScore",0.139627178008835
"VB","xLogScore",0.369850168794409
"MCMC","xLogScore",0.0559170627848117
"VB","xLogScore",0.194797076756306
"MCMC","xLogScore",-0.00311718259697673
"VB","xLogScore",0.0095412465893987
"MCMC","xLogScore",-0.166922596370187
"VB","xLogScore",0.0713153580692553
"MCMC","xLogScore",0.171779256558666
"VB","xLogScore",0.0491619700829269
"MCMC","xLogScore",-0.262105959964479
"VB","xLogScore",0.078693092747284
"MCMC","xLogScore",-0.914306009963536
"VB","xLogScore",-0.272406394820458
"MCMC","xLogScore",-0.193593072597613
"VB","xLogScore",-0.289565048359771
"MCMC","xLogScore",0.155991209273129
"VB","xLogScore",0.173040973602926
"MCMC","xLogScore",-0.00578413130158079
"VB","xLogScore",0.0300582822811605
"MCMC","xLogScore",-0.304896314219612
"VB","xLogScore",-0.454095533719944
"MCMC","xLogScore",0.0795725438927896
"VB","xLogScore",0.0837995459217705
"MCMC","xLogScore",0.279454884262466
"VB","xLogScore",0.35711494012021
"MCMC","xLogScore",-0.413563076792656
"VB","xLogScore",-0.254740999520151
"MCMC","xLogScore",0.15220301888651
"VB","xLogScore",0.202211996091165
"MCMC","xLogScore",0.00864714640063072
"VB","xLogScore",0.106284433153795
"MCMC","xLogScore",0.22239416707253
"VB","xLogScore",0.218110893110638
"MCMC","xLogScore",0.0247545518790882
"VB","xLogScore",-0.20467856425041
"MCMC","xLogScore",0.0420209238325792
"VB","xLogScore",0.238402593819609
"MCMC","xLogScore",0.128615750261
"VB","xLogScore",0.14997714509637
"MCMC","xLogScore",0.191205840020834
"VB","xLogScore",0.193936446197396
"MCMC","xLogScore",0.200936922751438
"VB","xLogScore",0.15460421250811
"MCMC","xLogScore",-0.5106084317512
"VB","xLogScore",-0.193513934315049
"MCMC","xLogScore",0.0382664355229638
"VB","xLogScore",0.383634826692607
"MCMC","xLogScore",-0.606380223043826
"VB","xLogScore",-1.08783392332519
"MCMC","xLogScore",0.148853737172773
"VB","xLogScore",0.263671991980335
"MCMC","xLogScore",0.0751538700844553
"VB","xLogScore",0.466471600216045
"MCMC","xLogScore",0.0582000021343942
"VB","xLogScore",0.126266998178249
"MCMC","xLogScore",-0.79133646675701
"VB","xLogScore",-0.565409514588944
"MCMC","xLogScore",0.109600487882312
"VB","xLogScore",0.478073297136801
"MCMC","xLogScore",-0.689220623145708
"VB","xLogScore",-0.324980868447915
"MCMC","xLogScore",-0.852209485544876
"VB","xLogScore",-1.16923603658428
"MCMC","xLogScore",-0.447535249677577
"VB","xLogScore",-0.259276694850815
"MCMC","xLogScore",0.077933350482935
"VB","xLogScore",0.309972761059675
"MCMC","xLogScore",0.112636581476146
"VB","xLogScore",0.132716719198367
"MCMC","xLogScore",0.12380965204937
"VB","xLogScore",0.404259431475284
"MCMC","xLogScore",0.122328633949468
"VB","xLogScore",0.0636378174018861
"MCMC","xLogScore",0.105460422267999
"VB","xLogScore",0.481770730222741
"MCMC","xLogScore",0.28568183427957
"VB","xLogScore",0.171963595742046
"MCMC","xLogScore",0.128029915191847
"VB","xLogScore",0.439832376869489
"MCMC","xLogScore",-0.0860498575925473
"VB","xLogScore",-0.177191193783998
"MCMC","xLogScore",-0.546484023997363
"VB","xLogScore",-0.169391090956192
"MCMC","xLogScore",0.0671963368361071
"VB","xLogScore",0.0802533814339361
"MCMC","xLogScore",0.115810047752409
"VB","xLogScore",0.323199709356837
"MCMC","xLogScore",0.290875144104379
"VB","xLogScore",0.254050059883653
"MCMC","xLogScore",-0.448743655106818
"VB","xLogScore",-0.112376817769009
"MCMC","xLogScore",-0.386585569496594
"VB","xLogScore",-0.200412669228085
"MCMC","xLogScore",-1.6642005664607
"VB","xLogScore",-1.82784846841526
"MCMC","xLogScore",-0.28967414464378
"VB","xLogScore",0.262143165450705
"MCMC","xLogScore",0.23649411241499
"VB","xLogScore",0.316923690009087
"MCMC","xLogScore",0.0367801472206692
"VB","xLogScore",-0.11547738594311
"MCMC","xLogScore",-1.24201150846362
"VB","xLogScore",-0.566162163129688
"MCMC","xLogScore",0.0255514639125215
"VB","xLogScore",0.929333868698626
"MCMC","xLogScore",0.184927389685587
"VB","xLogScore",0.111739240209554
"MCMC","xLogScore",0.0017207564800355
"VB","xLogScore",0.369962725943563
"MCMC","xLogScore",-0.16605040337099
"VB","xLogScore",-0.35375466446101
"MCMC","xLogScore",-0.248236801132375
"VB","xLogScore",0.103232769784749
"MCMC","xLogScore",0.105379727764032
"VB","xLogScore",0.0996112138588112
"MCMC","xLogScore",-0.148236812750365
"VB","xLogScore",0.217827102368454
"MCMC","xLogScore",0.048896868319059
"VB","xLogScore",0.356277357713782
"MCMC","xLogScore",0.134807216851767
"VB","xLogScore",0.479633137184012
"MCMC","xLogScore",0.0710086799502931
"VB","xLogScore",0.234845509268687
"MCMC","xLogScore",-0.0603871163999426
"VB","xLogScore",-0.342921871200321
"MCMC","xLogScore",0.192235758636024
"VB","xLogScore",0.379850528954226
"MCMC","xLogScore",-1.08699615732318
"VB","xLogScore",0.372186653003496
"MCMC","xLogScore",0.108812741367375
"VB","xLogScore",0.676359018502291
"MCMC","xLogScore",0.0722780490238569
"VB","xLogScore",0.144103691344966
"MCMC","xLogScore",0.122972744209095
"VB","xLogScore",0.277203471818741
"MCMC","xLogScore",0.10670857251306
"VB","xLogScore",0.0574902923182736
"MCMC","xLogScore",-0.298315490553212
"VB","xLogScore",0.635048293307454
"MCMC","xLogScore",-0.198817330652092
"VB","xLogScore",0.190820332790042
"MCMC","xLogScore",0.209770155422632
"VB","xLogScore",0.414608163580035
"MCMC","xLogScore",0.0992743068581194
"VB","xLogScore",-0.0876118810569912
"MCMC","xLogScore",0.18186756913888
"VB","xLogScore",0.229684337166866
"MCMC","xLogScore",-0.0660695282137255
"VB","xLogScore",0.0383250405228883
"MCMC","xLogScore",-0.319500375786821
"VB","xLogScore",-0.07823962200493
"MCMC","xLogScore",0.167093571136274
"VB","xLogScore",0.302810720853069
"MCMC","xLogScore",0.0780386193441428
"VB","xLogScore",0.240019428210405
"MCMC","xLogScore",0.00239893364865519
"VB","xLogScore",-0.0989100753545606
"MCMC","xLogScore",-0.535281277735516
"VB","xLogScore",-0.00403478378648603
"MCMC","xLogScore",-0.113789065878946
"VB","xLogScore",0.141592065064824
"MCMC","xLogScore",-0.0964062828584706
"VB","xLogScore",0.358518652972046
"MCMC","xLogScore",-0.402278846586736
"VB","xLogScore",-0.349057171482692
"MCMC","xLogScore",0.0450684494717056
"VB","xLogScore",-0.0400674107189349
"MCMC","xLogScore",0.0406164223138297
"VB","xLogScore",-0.114672813137241
"MCMC","xLogScore",-0.101790643094237
"VB","xLogScore",0.211156154173308
"MCMC","xLogScore",-0.0518282259676586
"VB","xLogScore",0.237213695629599
"MCMC","xLogScore",0.215639437929683
"VB","xLogScore",0.237833376107456
"MCMC","xLogScore",0.098246584044432
"VB","xLogScore",0.1792285166114
"MCMC","xLogScore",0.11322928334983
"VB","xLogScore",0.160858289044115
"MCMC","xLogScore",0.0510787998122303
"VB","xLogScore",0.11740492691652
"MCMC","xLogScore",-0.0684001494107044
"VB","xLogScore",0.131181578966596
"MCMC","xLogScore",0.124220989587456
"VB","xLogScore",0.0634812432963525
"MCMC","xLogScore",-0.892909150266154
"VB","xLogScore",-1.64549771019981
"MCMC","xLogScore",-0.160443266847194
"VB","xLogScore",0.216637310267071
"MCMC","xLogScore",-0.616970136579533
"VB","xLogScore",-0.412556112281406
"MCMC","xLogScore",-0.037309192611074
"VB","xLogScore",0.172741943976208
"MCMC","xLogScore",0.119832516204831
"VB","xLogScore",0.143480387974364
"MCMC","xLogScore",0.0367391974225276
"VB","xLogScore",-0.0422706771374214
"MCMC","xLogScore",-0.0317256005418269
"VB","xLogScore",-0.0396135649491522
"MCMC","xLogScore",0.0962123770677883
"VB","xLogScore",0.339084859751694
"MCMC","xLogScore",-0.210681650284511
"VB","xLogScore",0.174783565415442
"MCMC","xLogScore",-1.16667791053456
"VB","xLogScore",-0.303319293396092
"MCMC","xLogScore",-0.0981735639427821
"VB","xLogScore",0.223581315399526
"MCMC","xLogScore",0.193270850439288
"VB","xLogScore",0.0474335726060758
"MCMC","xLogScore",0.289521814051442
"VB","xLogScore",0.267803759456893
"MCMC","xLogScore",0.023413415149065
"VB","xLogScore",0.208050457351997
"MCMC","xLogScore",-0.393819477204066
"VB","xLogScore",-0.00355872282361736
"MCMC","xLogScore",0.175194985975839
"VB","xLogScore",0.0827411263536717
"MCMC","xLogScore",0.172655079238241
"VB","xLogScore",0.493483644518756
"MCMC","xLogScore",-0.249591330930446
"VB","xLogScore",0.325867051083392
"MCMC","xLogScore",-0.038037654301628
"VB","xLogScore",0.54001847752807
"MCMC","xLogScore",-0.916391223206305
"VB","xLogScore",-1.6200626495421
"MCMC","xLogScore",0.194379097452284
"VB","xLogScore",0.375792363140545
"MCMC","xLogScore",-0.436379360301074
"VB","xLogScore",-0.747983759377853
"MCMC","xLogScore",0.18116961606523
"VB","xLogScore",0.690109057275225
"MCMC","xLogScore",-0.533864045384897
"VB","xLogScore",-1.37769929246142
"MCMC","xLogScore",-0.114601812427437
"VB","xLogScore",0.0592310179533027
"MCMC","xLogScore",-0.116391315295633
"VB","xLogScore",-0.127844995681995
"MCMC","xLogScore",-0.0969251791377173
"VB","xLogScore",-0.321799633247126
"MCMC","xLogScore",-0.130571506690122
"VB","xLogScore",-0.00324743674162731
"MCMC","xLogScore",0.152159818915342
"VB","xLogScore",0.1253954448004
"MCMC","xLogScore",-1.45011082327221
"VB","xLogScore",-1.94546962487427
"MCMC","xLogScore",0.189756637690516
"VB","xLogScore",0.365317076134745
"MCMC","xLogScore",-0.0211465952054586
"VB","xLogScore",0.351408510377594
"MCMC","xLogScore",-0.841232986441792
"VB","xLogScore",-0.249888218124271
"MCMC","xLogScore",-1.09879086806491
"VB","xLogScore",-1.00901826910985
"MCMC","xLogScore",0.106209582056493
"VB","xLogScore",0.209683164727746
"MCMC","xLogScore",-0.420543656903551
"VB","xLogScore",-0.62234123146774
"MCMC","xLogScore",0.126891440354644
"VB","xLogScore",-0.341403766213962
"MCMC","xLogScore",-0.0795966404432063
"VB","xLogScore",-0.393937401681538
"MCMC","xLogScore",0.0423007228579759
"VB","xLogScore",-0.291705039132342
"MCMC","xLogScore",0.0285467558200657
"VB","xLogScore",0.0173942686371755
"MCMC","xLogScore",-0.015786800948817
"VB","xLogScore",-0.104037451070855
"MCMC","xLogScore",-0.181807114762582
"VB","xLogScore",0.143779634698019
"MCMC","xLogScore",0.0681705384663362
"VB","xLogScore",0.346973139292898
"MCMC","xLogScore",0.158695637815347
"VB","xLogScore",0.339652388844994
"MCMC","xLogScore",-0.0447696603895264
"VB","xLogScore",0.152288645835547
"MCMC","xLogScore",-0.640422898601614
"VB","xLogScore",0.156759943504486
"MCMC","xLogScore",0.0647057886306696
"VB","xLogScore",0.141332300519274
"MCMC","xLogScore",-0.750527534566044
"VB","xLogScore",-1.2511063408235
"MCMC","xLogScore",0.0887431211742531
"VB","xLogScore",0.162948501522709
"MCMC","xLogScore",0.10570468649968
"VB","xLogScore",0.139713731751753
"MCMC","xLogScore",-1.73091394828046
"VB","xLogScore",-0.903948491157099
"MCMC","xLogScore",0.243591704630843
"VB","xLogScore",0.175638952896816
"MCMC","xLogScore",0.0486678017396174
"VB","xLogScore",0.0659813411924119
"MCMC","xLogScore",-0.318091694872351
"VB","xLogScore",0.113884232340271
"MCMC","xLogScore",0.0877296725695773
"VB","xLogScore",0.323505082128003
"MCMC","xLogScore",-0.480301361347548
"VB","xLogScore",-0.238310404323357
"MCMC","xLogScore",-0.0404046907628253
"VB","xLogScore",0.4838241273049
"MCMC","xLogScore",-0.376694205988831
"VB","xLogScore",-0.728456043242609
"MCMC","xLogScore",-0.0568957768134037
"VB","xLogScore",0.219302200937406
"MCMC","xLogScore",0.12142536142581
"VB","xLogScore",0.362152723048626
"MCMC","xLogScore",0.0316457575227239
"VB","xLogScore",0.0215061759191451
"MCMC","xLogScore",-0.00680202473861955
"VB","xLogScore",-0.313881555303489
"MCMC","xLogScore",0.068052761040208
"VB","xLogScore",0.412482692845329
"MCMC","xLogScore",0.0490997620626972
"VB","xLogScore",0.602298898652965
"MCMC","xLogScore",-0.343264327229397
"VB","xLogScore",-0.112390280444116
"MCMC","xLogScore",0.0959613112178649
"VB","xLogScore",-0.11277025852305
"MCMC","xLogScore",-0.792761283339402
"VB","xLogScore",-0.373010420637679
"MCMC","xLogScore",-0.564501642307983
"VB","xLogScore",-0.418445620929634
"MCMC","xLogScore",-0.24606355826771
"VB","xLogScore",0.251462089431502
"MCMC","xLogScore",-0.221305643392832
"VB","xLogScore",0.239693941766476
"MCMC","xLogScore",0.146483137691234
"VB","xLogScore",0.196042678031679
"MCMC","xLogScore",-0.347044184057941
"VB","xLogScore",0.0733419842993928
"MCMC","xLogScore",0.0925065015404202
"VB","xLogScore",0.629768802393039
"MCMC","xLogScore",-0.00422567370243875
"VB","xLogScore",0.107521550582849
"MCMC","xLogScore",0.176805426159886
"VB","xLogScore",0.127474633258999
"MCMC","xLogScore",0.141078855977645
"VB","xLogScore",0.151565276912855
"MCMC","xLogScore",-0.24464315578322
"VB","xLogScore",-0.0384900718290986
"MCMC","xLogScore",0.0908853069145065
"VB","xLogScore",0.152871056710188
"MCMC","xLogScore",0.0608127108938566
"VB","xLogScore",0.295351674346707
"MCMC","xLogScore",-0.32115241065352
"VB","xLogScore",0.191089118279897
"MCMC","xLogScore",-0.273205728862499
"VB","xLogScore",0.0719035920156814
"MCMC","xLogScore",-0.490786615453409
"VB","xLogScore",0.211039531445363
"MCMC","xLogScore",0.186773867165125
"VB","xLogScore",0.248186679040824
"MCMC","xLogScore",0.0763919616643877
"VB","xLogScore",-0.242808612585668
"MCMC","xLogScore",-0.310768686804094
"VB","xLogScore",0.0153543704659698
"MCMC","xLogScore",0.0266014336212467
"VB","xLogScore",0.375165920008839
"MCMC","xLogScore",0.0426148859416488
"VB","xLogScore",-0.240286948851128
"MCMC","xLogScore",0.0662080725182578
"VB","xLogScore",0.0824382682739475
"MCMC","xLogScore",0.0490044624659646
"VB","xLogScore",-0.178866439890813
"MCMC","xLogScore",-0.144380451391202
"VB","xLogScore",-0.204708209601026
"MCMC","xLogScore",0.1159588598173
"VB","xLogScore",0.48725539402122
"MCMC","xLogScore",0.0563279871323753
"VB","xLogScore",0.0215396882390271
"MCMC","xLogScore",0.139194564145242
"VB","xLogScore",0.370343239339489
"MCMC","xLogScore",-0.256875137857274
"VB","xLogScore",-0.0817692417663649
"MCMC","xLogScore",-0.76347122990888
"VB","xLogScore",-1.39781109145709
"MCMC","xLogScore",-0.132532278774826
"VB","xLogScore",-0.127819128938179
"MCMC","xLogScore",0.0434903954867714
"VB","xLogScore",0.465582135661664
"MCMC","xLogScore",-0.387611365658663
"VB","xLogScore",0.0307211320782188
"MCMC","xLogScore",0.032704384625176
"VB","xLogScore",0.184716001762985
"MCMC","xLogScore",0.0153756625747093
"VB","xLogScore",0.443657125191734
"MCMC","xLogScore",0.188065703879846
"VB","xLogScore",0.39071692681684
"MCMC","xLogScore",0.132716332571862
"VB","xLogScore",0.29779418823684
"MCMC","xLogScore",-0.129262851124072
"VB","xLogScore",0.109899477115533
"MCMC","xLogScore",-0.221499223665489
"VB","xLogScore",-0.408632156082121
"MCMC","xLogScore",-0.182936455483103
"VB","xLogScore",-0.651606486530178
"MCMC","xLogScore",0.180705439071611
"VB","xLogScore",0.223004122659268
"MCMC","xLogScore",-0.0732249240542941
"VB","xLogScore",-0.158174216993791
"MCMC","xLogScore",0.103601234444682
"VB","xLogScore",0.568760499615238
"MCMC","xLogScore",-0.047701872255198
"VB","xLogScore",-0.205156042979563
"MCMC","xLogScore",0.0137632241486406
"VB","xLogScore",0.212240559437715
"MCMC","xLogScore",0.159151349717859
"VB","xLogScore",0.362713065892662
"MCMC","xLogScore",0.23748360238603
"VB","xLogScore",0.238436962954515
"MCMC","xLogScore",0.0652292965203213
"VB","xLogScore",-0.121131524235874
"MCMC","xLogScore",-0.0245481507613133
"VB","xLogScore",0.413904984366336
"MCMC","xLogScore",0.148987722435678
"VB","xLogScore",0.63493245735901
"MCMC","xLogScore",0.0561465846784257
"VB","xLogScore",0.414328415588183
"MCMC","xLogScore",0.183307648966938
"VB","xLogScore",0.457556417024015
"MCMC","xLogScore",0.107692194343976
"VB","xLogScore",0.486756183227828
"MCMC","xLogScore",-1.52862938937145
"VB","xLogScore",-0.817453410859537
"MCMC","xLogScore",0.105704350296451
"VB","xLogScore",0.417206297148722
"MCMC","xLogScore",-0.636339675786878
"VB","xLogScore",-0.615162456552449
"MCMC","xLogScore",-0.175708987538867
"VB","xLogScore",0.418178234070681
"MCMC","xLogScore",-0.00728796862882392
"VB","xLogScore",-0.0564290234097629
"MCMC","xLogScore",-0.483331400070996
"VB","xLogScore",-0.594218051705045
"MCMC","xLogScore",-0.232761102260387
"VB","xLogScore",-0.527234648234537
"MCMC","xLogScore",-0.862749636739791
"VB","xLogScore",-0.426623517389413
"MCMC","xLogScore",0.16340295159204
"VB","xLogScore",0.192300657271185
"MCMC","xLogScore",0.180688818123448
"VB","xLogScore",0.030101273096765
"MCMC","xLogScore",-0.0537284947270306
"VB","xLogScore",0.332497518144723
"MCMC","xLogScore",-0.0429335637907266
"VB","xLogScore",0.367045904660397
"MCMC","xLogScore",0.138018108314469
"VB","xLogScore",0.193333509836346
"MCMC","xLogScore",0.128859518066139
"VB","xLogScore",0.160111942937258
"MCMC","xLogScore",0.128646819184858
"VB","xLogScore",0.38094977512432
"MCMC","xLogScore",-0.0165277696847284
"VB","xLogScore",0.054628814598174
"MCMC","xLogScore",-0.65504587367807
"VB","xLogScore",-0.445854447098396
"MCMC","xLogScore",0.0551730247442795
"VB","xLogScore",0.231335195423632
"MCMC","xLogScore",-0.027635514840609
"VB","xLogScore",0.0425173746734708
"MCMC","xLogScore",-0.350244485758776
"VB","xLogScore",-0.66423333856943
"MCMC","xLogScore",0.0434930860688217
"VB","xLogScore",0.17916499034581
"MCMC","xLogScore",0.150072500562635
"VB","xLogScore",0.15774881308302
"MCMC","xLogScore",0.0103950440337826
"VB","xLogScore",0.128910900665621
"MCMC","xLogScore",-0.231688564102364
"VB","xLogScore",0.0571495625790182
"MCMC","xLogScore",-0.173612774786763
"VB","xLogScore",0.266228851276583
"MCMC","xLogScore",0.192798406263954
"VB","xLogScore",0.483316480444931
"MCMC","xLogScore",-0.340873022920194
"VB","xLogScore",-0.0782323983928301
"MCMC","xLogScore",0.0943246318157081
"VB","xLogScore",0.403736944790477
"MCMC","xLogScore",0.114262903701341
"VB","xLogScore",0.487894597150348
"MCMC","xLogScore",-1.60170387529538
"VB","xLogScore",-2.06503601913664
"MCMC","xLogScore",0.098377514368646
"VB","xLogScore",0.637586044489303
"MCMC","xLogScore",0.0491563850364631
"VB","xLogScore",-0.0935575888087081
"MCMC","xLogScore",0.143648252871737
"VB","xLogScore",0.222342247251775
"MCMC","xLogScore",-0.109877944256487
"VB","xLogScore",0.382039220373167
"MCMC","xLogScore",-0.114535328265094
"VB","xLogScore",-0.440699494129752
"MCMC","xLogScore",-0.936101140279319
"VB","xLogScore",-1.51328778737177
"MCMC","xLogScore",0.293245183992118
"VB","xLogScore",0.590698559478713
"MCMC","xLogScore",-0.273861573280941
"VB","xLogScore",-0.274859553616504
"MCMC","xLogScore",0.167400823605796
"VB","xLogScore",0.205055613239394
"MCMC","xLogScore",0.0328291598568311
"VB","xLogScore",0.00251352740864164
"MCMC","xLogScore",0.124463778906775
"VB","xLogScore",0.292613891986872
"MCMC","xLogScore",-0.265917542799561
"VB","xLogScore",-2.54078500426462
"MCMC","xLogScore",-0.187030593602508
"VB","xLogScore",-0.134592712195344
"MCMC","xLogScore",-0.285381098008201
"VB","xLogScore",-0.436258010729735
"MCMC","xLogScore",-2.95832483912523
"VB","xLogScore",-4.43121982267733
"MCMC","xLogScore",0.188970851951735
"VB","xLogScore",0.271604337156202
"MCMC","xLogScore",-0.222243906112476
"VB","xLogScore",0.368461688097165
"MCMC","xLogScore",0.137862226678472
"VB","xLogScore",-0.16720962973685
"MCMC","xLogScore",-0.17688992108306
"VB","xLogScore",0.140973103736135
"MCMC","xLogScore",-0.431739970603818
"VB","xLogScore",-0.120507960969926
"MCMC","xLogScore",0.0805710578175102
"VB","xLogScore",0.415876413005156
"MCMC","xLogScore",-0.713051016643608
"VB","xLogScore",0.013863510582717
"MCMC","xLogScore",-0.0114779141142993
"VB","xLogScore",-0.106586901204374
"MCMC","xLogScore",0.00543085017199805
"VB","xLogScore",-0.122522088054571
"MCMC","xLogScore",0.200719135480351
"VB","xLogScore",0.419388308928317
"MCMC","xLogScore",0.0601793593364408
"VB","xLogScore",0.368804665316742
"MCMC","xLogScore",-0.0942336704636468
"VB","xLogScore",0.315813440177589
"MCMC","xLogScore",-0.051678162886692
"VB","xLogScore",-0.1370277996869
"MCMC","xLogScore",-0.0561277170424421
"VB","xLogScore",-0.304844593078467
"MCMC","xLogScore",-0.0784736246492673
"VB","xLogScore",-0.273196531968652
"MCMC","xLogScore",0.113693757257285
"VB","xLogScore",0.206732829930896
"MCMC","xLogScore",0.141346988566104
"VB","xLogScore",0.514630477050601
"MCMC","xLogScore",0.121836334657716
"VB","xLogScore",0.32270200365675
"MCMC","xLogScore",0.224044616626906
"VB","xLogScore",0.234393971459664
"MCMC","xLogScore",0.270443730204927
"VB","xLogScore",0.325511929551185
"MCMC","xLogScore",-0.127524625690069
"VB","xLogScore",0.500728046780125
"MCMC","xLogScore",0.13163604649338
"VB","xLogScore",0.281820549336394
"MCMC","xLogScore",0.089848691691886
"VB","xLogScore",0.134268467397336
"MCMC","xLogScore",-0.151896784105226
"VB","xLogScore",-0.10144314758954
"MCMC","xLogScore",-0.27503838367644
"VB","xLogScore",-1.18563786840455
"MCMC","xLogScore",0.23955270777166
"VB","xLogScore",0.429900958131795
"MCMC","xLogScore",-1.79070632643487
"VB","xLogScore",-1.40395107102254
"MCMC","xLogScore",-0.154542793869738
"VB","xLogScore",-0.827247079047963
"MCMC","xLogScore",0.144694533962397
"VB","xLogScore",0.293126058870923
"MCMC","xLogScore",-0.421231497242458
"VB","xLogScore",-0.116454204100737
"MCMC","xLogScore",-0.0264970359914955
"VB","xLogScore",-0.132145062884834
"MCMC","xLogScore",0.0597107921939717
"VB","xLogScore",0.139657123696004
"MCMC","xLogScore",0.187852547363058
"VB","xLogScore",0.373227396808629
"MCMC","xLogScore",0.0870467746670755
"VB","xLogScore",0.296514412181725
"MCMC","xLogScore",0.0718402082682826
"VB","xLogScore",0.384382545249259
"MCMC","xLogScore",-0.47652694682134
"VB","xLogScore",-0.341872764684825
"MCMC","xLogScore",0.204767884376705
"VB","xLogScore",0.475922959758505
"MCMC","xLogScore",0.13702344881783
"VB","xLogScore",0.0976690267554619
"MCMC","xLogScore",0.108052703132779
"VB","xLogScore",0.221789999028243
"MCMC","xLogScore",-0.627798006207732
"VB","xLogScore",-0.529068993870965
"MCMC","xLogScore",0.0414717370084845
"VB","xLogScore",-0.131949633885986
"MCMC","xLogScore",0.0161519564953416
"VB","xLogScore",0.334123331717549
"MCMC","xLogScore",0.232240733571645
"VB","xLogScore",0.418975014842268
"MCMC","xLogScore",0.208818379007687
"VB","xLogScore",0.421716367567905
"MCMC","xLogScore",0.171480753148852
"VB","xLogScore",0.187334844505782
"MCMC","xLogScore",0.133513467019164
"VB","xLogScore",0.364792558718354
"MCMC","xLogScore",0.135453764964624
"VB","xLogScore",0.230819353436825
"MCMC","xLogScore",-0.127906627752491
"VB","xLogScore",-0.0599914510639934
"MCMC","xLogScore",-0.097671122478482
"VB","xLogScore",0.0512239247892194
"MCMC","xLogScore",0.0860809441183696
"VB","xLogScore",0.408102160020016
"MCMC","xLogScore",-0.383267812465677
"VB","xLogScore",-0.144445451439533
"MCMC","xLogScore",-0.49787042520293
"VB","xLogScore",-0.930002327401138
"MCMC","xLogScore",0.206088197014953
"VB","xLogScore",0.380658496708218
"MCMC","xLogScore",-0.00735115841863665
"VB","xLogScore",0.173226007342072
"MCMC","xLogScore",-0.244389601132093
"VB","xLogScore",0.348806742111756
"MCMC","xLogScore",-0.0398624591796902
"VB","xLogScore",0.204402777035942
"MCMC","xLogScore",0.0474035657072503
"VB","xLogScore",-0.116612936317269
"MCMC","xLogScore",-0.106212651725404
"VB","xLogScore",0.167570688702842
"MCMC","xLogScore",-0.0441849359549001
"VB","xLogScore",-0.0138545720007257
"MCMC","xLogScore",0.12720675189649
"VB","xLogScore",0.163464025001569
"MCMC","xLogScore",-0.0315107687750276
"VB","xLogScore",0.0931981486733617
"MCMC","xLogScore",-0.603405895077846
"VB","xLogScore",-0.907353487176411
"MCMC","xLogScore",0.0352398863643278
"VB","xLogScore",0.266689269012923
"MCMC","xLogScore",0.160034409205261
"VB","xLogScore",0.229496224308883
"MCMC","xLogScore",0.117147889697632
"VB","xLogScore",0.224251491988763
"MCMC","xLogScore",-0.0481297245806453
"VB","xLogScore",0.21082684850997
"MCMC","xLogScore",0.201952816257674
"VB","xLogScore",0.383674323697925
"MCMC","xLogScore",-1.13388386348687
"VB","xLogScore",-1.13137161092224
"MCMC","xLogScore",0.102849324420283
"VB","xLogScore",0.191243237145104
"MCMC","xLogScore",-0.0110647821403298
"VB","xLogScore",0.329961374122686
"MCMC","xLogScore",-0.13161057636071
"VB","xLogScore",-0.244772636332217
"MCMC","xLogScore",0.15623096448283
"VB","xLogScore",0.396763897565868
"MCMC","xLogScore",0.133920980962534
"VB","xLogScore",0.236985049229244
"MCMC","xLogScore",-0.519831795440208
"VB","xLogScore",-1.12923503573536
"MCMC","xLogScore",0.180014971482697
"VB","xLogScore",0.127804945186071
"MCMC","xLogScore",-0.384270911801395
"VB","xLogScore",-3.62802055697791
"MCMC","xLogScore",0.0835624383899716
"VB","xLogScore",0.012183234744908
"MCMC","xLogScore",-0.317939763602693
"VB","xLogScore",-0.0679710233085626
"MCMC","xLogScore",-0.525106496123795
"VB","xLogScore",-0.2656398925389
"MCMC","xLogScore",-0.637368492476297
"VB","xLogScore",-0.182079939499319
"MCMC","xLogScore",-0.0530977076506984
"VB","xLogScore",-0.00206041416955094
"MCMC","xLogScore",-0.212155695487676
"VB","xLogScore",-0.185346662944462
"MCMC","xLogScore",0.0333374892208602
"VB","xLogScore",0.161467770235624
"MCMC","xLogScore",0.164084285965627
"VB","xLogScore",0.0629559015497665
"MCMC","xLogScore",-0.36449407164108
"VB","xLogScore",-0.112363244941072
"MCMC","xLogScore",-0.889291775405241
"VB","xLogScore",-0.542221388931431
"MCMC","xLogScore",-1.05375662682891
"VB","xLogScore",-0.498346909280505
"MCMC","xLogScore",-0.388899020764152
"VB","xLogScore",-0.142007136749474
"MCMC","xLogScore",-0.907404280995399
"VB","xLogScore",-0.26341169531036
"MCMC","xLogScore",0.163312726442522
"VB","xLogScore",0.573348236932226
"MCMC","xLogScore",0.0165584004415521
"VB","xLogScore",0.129982613579093
"MCMC","xLogScore",0.042606021952061
"VB","xLogScore",0.362029363118233
"MCMC","xLogScore",-1.78443319214168
"VB","xLogScore",-5.33881622652758
"MCMC","xLogScore",-0.0195560255115709
"VB","xLogScore",-0.0566518092315162
"MCMC","xLogScore",0.0414708439977797
"VB","xLogScore",0.126422516300648
"MCMC","xLogScore",0.127490713252478
"VB","xLogScore",0.246075199093565
"MCMC","xLogScore",0.204080549210632
"VB","xLogScore",0.189178906914306
"MCMC","xLogScore",0.110649436344234
"VB","xLogScore",0.162732668293639
"MCMC","xLogScore",-1.07223722398852
"VB","xLogScore",-2.05677572601141
"MCMC","xLogScore",0.178390057577331
"VB","xLogScore",0.174996475332975
"MCMC","xLogScore",-0.279146037586272
"VB","xLogScore",-1.02648451306103
"MCMC","xLogScore",0.155011741836586
"VB","xLogScore",0.491675438079835
"MCMC","xLogScore",0.127067608366627
"VB","xLogScore",0.169612720259991
"MCMC","xLogScore",-0.567304786006059
"VB","xLogScore",-0.363246016806278
"MCMC","xLogScore",-0.0141681239545335
"VB","xLogScore",0.0317616681443602
"MCMC","xLogScore",0.0986940640939755
"VB","xLogScore",0.14521968166062
"MCMC","xLogScore",-1.03543104811822
"VB","xLogScore",0.388892643617271
"MCMC","xLogScore",0.190793497199269
"VB","xLogScore",0.246390321419507
"MCMC","xLogScore",-0.722115801614344
"VB","xLogScore",-0.576387225652602
"MCMC","xLogScore",0.141450522629883
"VB","xLogScore",0.479680228107659
"MCMC","xLogScore",0.194348377257252
"VB","xLogScore",0.242292320650806
"MCMC","xLogScore",-0.0895787175548734
"VB","xLogScore",0.179737608978514
"MCMC","xLogScore",0.174317409850409
"VB","xLogScore",0.187555858033702
"MCMC","xLogScore",-0.859901541941396
"VB","xLogScore",-0.517332896222409
"MCMC","xLogScore",0.0493320335821187
"VB","xLogScore",0.0489918695972538
"MCMC","xLogScore",-0.622877512017704
"VB","xLogScore",-0.470579258772129
"MCMC","xLogScore",0.181170121364017
"VB","xLogScore",0.249494864237847
"MCMC","xLogScore",-1.61232350723806
"VB","xLogScore",-3.01103230400083
"MCMC","xLogScore",-0.00145633624791008
"VB","xLogScore",0.136205211180966
"MCMC","xLogScore",-0.486290750451348
"VB","xLogScore",-0.0128158392777731
"MCMC","xLogScore",0.17945327098108
"VB","xLogScore",0.346734141745627
"MCMC","xLogScore",-0.602702115175913
"VB","xLogScore",0.103823853334396
"MCMC","xLogScore",0.13597757639935
"VB","xLogScore",0.0882455575143649
"MCMC","xLogScore",-0.0264090549653998
"VB","xLogScore",-0.24704658061265
"MCMC","xLogScore",0.184104107923254
"VB","xLogScore",0.333497389036905
"MCMC","xLogScore",-0.192709786565348
"VB","xLogScore",-0.401285993222299
"MCMC","xLogScore",-0.620722171767168
"VB","xLogScore",-0.962465596760927
"MCMC","xLogScore",-0.0332680962036522
"VB","xLogScore",0.44727441631214
"MCMC","xLogScore",0.150792671984028
"VB","xLogScore",-0.555241839699673
"MCMC","xLogScore",0.18271700555685
"VB","xLogScore",0.438375487529372
"MCMC","xLogScore",-0.472624107967691
"VB","xLogScore",-1.43420992958082
"MCMC","xLogScore",-0.435365744775002
"VB","xLogScore",-0.537740078360137
"MCMC","xLogScore",0.0422604573983262
"VB","xLogScore",-0.107236664882229
"MCMC","xLogScore",-0.0635074793042685
"VB","xLogScore",-0.12721307429751
"MCMC","xLogScore",0.128697847760505
"VB","xLogScore",0.347084520912578
"MCMC","xLogScore",0.231480188773428
"VB","xLogScore",0.163242453785864
"MCMC","xLogScore",0.139521731605873
"VB","xLogScore",0.182522130948102
"MCMC","xLogScore",0.143589119933587
"VB","xLogScore",0.62498800010789
"MCMC","xLogScore",-0.240978565923269
"VB","xLogScore",0.13074599988786
"MCMC","xLogScore",-0.226977789397904
"VB","xLogScore",0.218969635831409
"MCMC","xLogScore",0.106267106443759
"VB","xLogScore",0.0872367820448896
"MCMC","xLogScore",-1.07922063434842
"VB","xLogScore",-0.932477155181482
"MCMC","xLogScore",0.162727968930129
"VB","xLogScore",0.220491819015565
"MCMC","xLogScore",0.0123893609859062
"VB","xLogScore",0.0901196831608196
"MCMC","xLogScore",-0.336897683023672
"VB","xLogScore",-0.915818730358628
"MCMC","xLogScore",-0.25756541131021
"VB","xLogScore",-0.483197623876244
"MCMC","xLogScore",-0.792981635627199
"VB","xLogScore",-1.26025849557543
"MCMC","xLogScore",0.139334639082617
"VB","xLogScore",0.15457739602125
"MCMC","xLogScore",-1.3952935856374
"VB","xLogScore",-2.21689487939962
"MCMC","xLogScore",0.0892900296584734
"VB","xLogScore",0.289907506810044
"MCMC","xLogScore",0.0656691644640474
"VB","xLogScore",0.332859031755022
"MCMC","xLogScore",0.119947495527786
"VB","xLogScore",0.160526576277724
"MCMC","xLogScore",-0.0941399871546255
"VB","xLogScore",0.0297933928102343
"MCMC","xLogScore",-0.0330408206810267
"VB","xLogScore",0.248053613299764
"MCMC","xLogScore",-0.406099924893842
"VB","xLogScore",-0.177934538106387
"MCMC","xLogScore",-0.584954644601707
"VB","xLogScore",-0.174107825585973
"MCMC","xLogScore",-0.0794394309685695
"VB","xLogScore",0.320046287396453
"MCMC","xLogScore",-0.674563067647321
"VB","xLogScore",-0.480431975054901
"MCMC","xLogScore",-0.20387905491132
"VB","xLogScore",0.402925426290056
"MCMC","xLogScore",-0.0133682530044248
"VB","xLogScore",-0.239243653868192
"MCMC","xLogScore",0.0024133680939126
"VB","xLogScore",-0.310252393540892
"MCMC","xLogScore",-0.231960249728366
"VB","xLogScore",0.0474180425450148
"MCMC","xLogScore",0.0254358210828375
"VB","xLogScore",0.448689410945783
"MCMC","xLogScore",0.0774730723753024
"VB","xLogScore",0.127627553423755
"MCMC","xLogScore",-0.416674317662533
"VB","xLogScore",-0.701768102656698
"MCMC","xLogScore",-0.315693046153673
"VB","xLogScore",-0.310121725750708
"MCMC","xLogScore",-0.108444983655694
"VB","xLogScore",0.288143172304316
"MCMC","xLogScore",0.218855464273271
"VB","xLogScore",0.300264851068048
"MCMC","xLogScore",0.193204022867384
"VB","xLogScore",0.646757599817565
"MCMC","xLogScore",0.0175859352062035
"VB","xLogScore",-0.107274359544475
"MCMC","xLogScore",-0.945976843587317
"VB","xLogScore",-0.399210661765052
"MCMC","xLogScore",0.089759819864135
"VB","xLogScore",0.215022259437191
"MCMC","xLogScore",0.142472228097684
"VB","xLogScore",0.49440567991745
"MCMC","xLogScore",0.095284920086967
"VB","xLogScore",0.096638591658478
"MCMC","xLogScore",0.169808035207213
"VB","xLogScore",0.365700698668565
"MCMC","xLogScore",-0.723031644607423
"VB","xLogScore",-0.852183135356757
"MCMC","xLogScore",-0.251261961210245
"VB","xLogScore",-0.00643708362434547
"MCMC","xLogScore",-0.67799689983036
"VB","xLogScore",-0.0551974634459109
"MCMC","xLogScore",-0.430016017101093
"VB","xLogScore",-0.0411223940446539
"MCMC","xLogScore",-0.828867354669418
"VB","xLogScore",-0.41984549513792
"MCMC","xLogScore",0.270215218669174
"VB","xLogScore",0.394857647421121
"MCMC","xLogScore",0.0824219470640923
"VB","xLogScore",-0.00810000576861136
"MCMC","xLogScore",-0.191717713510583
"VB","xLogScore",0.420476352096832
"MCMC","yLogScore",-0.510545618462854
"VB","yLogScore",-0.85930754199348
"MCMC","yLogScore",-4.68802244688352
"VB","yLogScore",-2.20056499673631
"MCMC","yLogScore",-2.01898946487661
"VB","yLogScore",-1.32613205388406
"MCMC","yLogScore",-10.3514919633905
"VB","yLogScore",-4.09207870040593
"MCMC","yLogScore",-1.26306584575711
"VB","yLogScore",-0.991808149096999
"MCMC","yLogScore",-0.0965615958404497
"VB","yLogScore",-0.642889632058799
"MCMC","yLogScore",-1.54751331271115
"VB","yLogScore",-1.11979956291534
"MCMC","yLogScore",-0.139174095788695
"VB","yLogScore",-0.724788956138167
"MCMC","yLogScore",-0.0350378608605902
"VB","yLogScore",-0.629197809349638
"MCMC","yLogScore",-1.57702909123702
"VB","yLogScore",-1.13551273903951
"MCMC","yLogScore",-0.151801568286509
"VB","yLogScore",-0.715644145173714
"MCMC","yLogScore",-0.622414493382807
"VB","yLogScore",-0.802714280558147
"MCMC","yLogScore",-1.67992330809151
"VB","yLogScore",-1.23363563005136
"MCMC","yLogScore",-1.52025221399728
"VB","yLogScore",-1.15968246091014
"MCMC","yLogScore",-1.24980189252065
"VB","yLogScore",-0.986103666968969
"MCMC","yLogScore",-0.548919380811712
"VB","yLogScore",-0.82220355017028
"MCMC","yLogScore",-2.26479358699608
"VB","yLogScore",-1.36404512023596
"MCMC","yLogScore",-0.812329516832658
"VB","yLogScore",-0.877308254211528
"MCMC","yLogScore",-2.06608755800309
"VB","yLogScore",-1.43946703426307
"MCMC","yLogScore",-0.015944940683396
"VB","yLogScore",-0.620715287949145
"MCMC","yLogScore",-0.119088567824855
"VB","yLogScore",-0.686526913557788
"MCMC","yLogScore",-3.32827438600305
"VB","yLogScore",-1.94293037220825
"MCMC","yLogScore",-0.600305183902835
"VB","yLogScore",-0.840992153091065
"MCMC","yLogScore",-1.0619920142024
"VB","yLogScore",-0.936970550051547
"MCMC","yLogScore",-0.689527139906152
"VB","yLogScore",-0.872589233100462
"MCMC","yLogScore",-2.38316041077008
"VB","yLogScore",-1.48786171642697
"MCMC","yLogScore",-4.62676409891709
"VB","yLogScore",-2.15896647299779
"MCMC","yLogScore",-5.88655894816302
"VB","yLogScore",-2.35641650060113
"MCMC","yLogScore",-3.17023627091164
"VB","yLogScore",-1.63491400858708
"MCMC","yLogScore",-0.162442424950095
"VB","yLogScore",-0.687507887215031
"MCMC","yLogScore",0.123050753146738
"VB","yLogScore",-0.580454553842788
"MCMC","yLogScore",-2.64140351646982
"VB","yLogScore",-1.27801079852484
"MCMC","yLogScore",-0.329569173648131
"VB","yLogScore",-0.720435843496396
"MCMC","yLogScore",-0.257891745954137
"VB","yLogScore",-0.754546514248827
"MCMC","yLogScore",-0.23521822870436
"VB","yLogScore",-0.72834611462724
"MCMC","yLogScore",-1.84060442346392
"VB","yLogScore",-1.27727999020044
"MCMC","yLogScore",-1.61435245536374
"VB","yLogScore",-1.08111769484347
"MCMC","yLogScore",-0.0133774172845838
"VB","yLogScore",-0.600882360738955
"MCMC","yLogScore",-1.83385815847222
"VB","yLogScore",-1.32987051869089
"MCMC","yLogScore",-0.218970139496216
"VB","yLogScore",-0.70871086413625
"MCMC","yLogScore",-0.284843933938096
"VB","yLogScore",-0.728040544275621
"MCMC","yLogScore",-0.463701162179463
"VB","yLogScore",-0.755901501587713
"MCMC","yLogScore",-2.19042998398308
"VB","yLogScore",-1.27190210602321
"MCMC","yLogScore",-0.509729007199632
"VB","yLogScore",-0.811205300117312
"MCMC","yLogScore",-2.1311042208928
"VB","yLogScore",-1.24182107604154
"MCMC","yLogScore",-1.98131404270248
"VB","yLogScore",-1.31887157153845
"MCMC","yLogScore",-7.29265713216496
"VB","yLogScore",-2.86112294572276
"MCMC","yLogScore",-0.557590766288394
"VB","yLogScore",-0.823916230700163
"MCMC","yLogScore",-0.240902961037867
"VB","yLogScore",-0.714629108394006
"MCMC","yLogScore",-6.78510861463811
"VB","yLogScore",-2.712007126974
"MCMC","yLogScore",-0.0983665120895529
"VB","yLogScore",-0.667151363648849
"MCMC","yLogScore",-0.195909318786229
"VB","yLogScore",-0.770030645453327
"MCMC","yLogScore",-1.18638805321205
"VB","yLogScore",-1.07617928997832
"MCMC","yLogScore",-0.329518145578299
"VB","yLogScore",-0.754922230162197
"MCMC","yLogScore",-1.06554287613696
"VB","yLogScore",-0.982992720628207
"MCMC","yLogScore",-2.52932571731507
"VB","yLogScore",-1.56577104800396
"MCMC","yLogScore",-0.360068926090811
"VB","yLogScore",-0.720288041770317
"MCMC","yLogScore",-0.855276148284292
"VB","yLogScore",-0.903191697512443
"MCMC","yLogScore",-0.185871644061865
"VB","yLogScore",-0.710070971180663
"MCMC","yLogScore",-0.977215535034418
"VB","yLogScore",-0.941069103598448
"MCMC","yLogScore",-1.01439678772105
"VB","yLogScore",-0.952608349035528
"MCMC","yLogScore",-1.08654990365945
"VB","yLogScore",-0.998252206186339
"MCMC","yLogScore",-2.24046675527721
"VB","yLogScore",-1.36206706618791
"MCMC","yLogScore",-0.244056130898531
"VB","yLogScore",-0.731949307411204
"MCMC","yLogScore",-0.704988273994431
"VB","yLogScore",-0.83823846235271
"MCMC","yLogScore",-1.33043756411878
"VB","yLogScore",-1.06872694721927
"MCMC","yLogScore",-2.45670240549448
"VB","yLogScore",-1.42564158769855
"MCMC","yLogScore",-0.820228054827922
"VB","yLogScore",-0.843748700989935
"MCMC","yLogScore",-0.233659254509307
"VB","yLogScore",-0.743285057258168
"MCMC","yLogScore",-0.878844433770109
"VB","yLogScore",-0.915008020769137
"MCMC","yLogScore",-0.685199305813691
"VB","yLogScore",-0.795016905402504
"MCMC","yLogScore",-12.5902148086267
"VB","yLogScore",-4.22650654031583
"MCMC","yLogScore",-0.4202393892486
"VB","yLogScore",-0.78907719928964
"MCMC","yLogScore",-2.52511674808594
"VB","yLogScore",-1.6220124687845
"MCMC","yLogScore",-0.264227896648825
"VB","yLogScore",-0.709230338999889
"MCMC","yLogScore",-0.629732925933021
"VB","yLogScore",-0.851085769369399
"MCMC","yLogScore",-4.17514437182164
"VB","yLogScore",-1.86079058374888
"MCMC","yLogScore",-1.09484429182489
"VB","yLogScore",-1.01254172238603
"MCMC","yLogScore",-0.698149583168038
"VB","yLogScore",-0.882142652553839
"MCMC","yLogScore",-3.56572556034919
"VB","yLogScore",-1.71838720806217
"MCMC","yLogScore",-0.105269699496776
"VB","yLogScore",-0.663236381366683
"MCMC","yLogScore",-0.288121751139552
"VB","yLogScore",-0.725925631096832
"MCMC","yLogScore",-0.252767015149711
"VB","yLogScore",-0.709771618418252
"MCMC","yLogScore",-1.8831867543912
"VB","yLogScore",-1.26299647165631
"MCMC","yLogScore",-3.5617282404943
"VB","yLogScore",-1.8349664816493
"MCMC","yLogScore",-0.104081075273761
"VB","yLogScore",-0.706252290516223
"MCMC","yLogScore",-2.86247245003269
"VB","yLogScore",-1.56183022471536
"MCMC","yLogScore",-0.0693840070483806
"VB","yLogScore",-0.700230392040699
"MCMC","yLogScore",-0.841925774327008
"VB","yLogScore",-0.887886259925985
"MCMC","yLogScore",-14.1309221950983
"VB","yLogScore",-4.8862669132401
"MCMC","yLogScore",-1.11753909408138
"VB","yLogScore",-1.01081258673402
"MCMC","yLogScore",-1.8319062161764
"VB","yLogScore",-1.20539486810138
"MCMC","yLogScore",-0.11154618446138
"VB","yLogScore",-0.655714445393296
"MCMC","yLogScore",-0.169085295706422
"VB","yLogScore",-0.656589559094572
"MCMC","yLogScore",-1.12021641490174
"VB","yLogScore",-1.02133870116001
"MCMC","yLogScore",-0.336959053961852
"VB","yLogScore",-0.737502921641109
"MCMC","yLogScore",-2.5319777757838
"VB","yLogScore",-1.56522522500846
"MCMC","yLogScore",-5.21853593744855
"VB","yLogScore",-2.1186234981736
"MCMC","yLogScore",-0.593088111954041
"VB","yLogScore",-0.811973384742549
"MCMC","yLogScore",-0.353424336026276
"VB","yLogScore",-0.791352366453799
"MCMC","yLogScore",-0.111030621914869
"VB","yLogScore",-0.687824282799121
"MCMC","yLogScore",-4.6363057691689
"VB","yLogScore",-2.37038016047068
"MCMC","yLogScore",-1.13090028566379
"VB","yLogScore",-1.02790067121078
"MCMC","yLogScore",-0.202183856468303
"VB","yLogScore",-0.709766009865417
"MCMC","yLogScore",-0.55874199846738
"VB","yLogScore",-0.793082123119754
"MCMC","yLogScore",-0.498469629410391
"VB","yLogScore",-0.834209303181561
"MCMC","yLogScore",-0.0659157299787686
"VB","yLogScore",-0.644859606310108
"MCMC","yLogScore",-0.109181968310433
"VB","yLogScore",-0.642334749859897
"MCMC","yLogScore",-0.1516678228483
"VB","yLogScore",-0.724207463571338
"MCMC","yLogScore",-0.225244282824409
"VB","yLogScore",-0.692112305441147
"MCMC","yLogScore",-1.90931316150253
"VB","yLogScore",-1.27858025177783
"MCMC","yLogScore",-0.790189866190255
"VB","yLogScore",-0.883582468900793
"MCMC","yLogScore",-1.78858180653315
"VB","yLogScore",-1.15153408331276
"MCMC","yLogScore",-0.907675817089966
"VB","yLogScore",-0.941295600474621
"MCMC","yLogScore",-0.25683138131381
"VB","yLogScore",-0.727497422848002
"MCMC","yLogScore",-1.53323242261934
"VB","yLogScore",-1.12135530537361
"MCMC","yLogScore",-0.805715866386566
"VB","yLogScore",-0.943187808621688
"MCMC","yLogScore",-0.621628785382503
"VB","yLogScore",-0.876090228667402
"MCMC","yLogScore",-0.751843748910464
"VB","yLogScore",-0.889169771681735
"MCMC","yLogScore",-1.01185013333003
"VB","yLogScore",-0.935659120711188
"MCMC","yLogScore",-2.70409232193669
"VB","yLogScore",-1.50178497795406
"MCMC","yLogScore",-0.100228713136463
"VB","yLogScore",-0.617612111474486
"MCMC","yLogScore",0.00935294333043656
"VB","yLogScore",-0.680390179623562
"MCMC","yLogScore",-0.700371021134998
"VB","yLogScore",-0.827111871241969
"MCMC","yLogScore",-1.91345074275796
"VB","yLogScore",-1.29991723612386
"MCMC","yLogScore",-0.107055514403294
"VB","yLogScore",-0.704976287899659
"MCMC","yLogScore",-0.687384625402864
"VB","yLogScore",-0.846040309891793
"MCMC","yLogScore",-0.147808501816069
"VB","yLogScore",-0.689874878394563
"MCMC","yLogScore",-0.0781728647157685
"VB","yLogScore",-0.663455089236825
"MCMC","yLogScore",-0.654711998992823
"VB","yLogScore",-0.834552216069833
"MCMC","yLogScore",-1.06432014077614
"VB","yLogScore",-0.923268577125582
"MCMC","yLogScore",-0.0506287351034739
"VB","yLogScore",-0.631346383871472
"MCMC","yLogScore",-1.09843963184401
"VB","yLogScore",-1.01672083791722
"MCMC","yLogScore",-0.589501012129511
"VB","yLogScore",-0.828890412901267
"MCMC","yLogScore",-2.64488973042019
"VB","yLogScore",-1.48632644449513
"MCMC","yLogScore",-0.317149988819417
"VB","yLogScore",-0.746786044624921
"MCMC","yLogScore",-2.38274107356962
"VB","yLogScore",-1.49794429589132
"MCMC","yLogScore",-0.165404915298742
"VB","yLogScore",-0.670039500015264
"MCMC","yLogScore",-3.53264354589137
"VB","yLogScore",-1.76865933740382
"MCMC","yLogScore",-0.0107582424969057
"VB","yLogScore",-0.626040258617868
"MCMC","yLogScore",-1.49627840583043
"VB","yLogScore",-1.08436818747145
"MCMC","yLogScore",-0.385731029989314
"VB","yLogScore",-0.757139520782005
"MCMC","yLogScore",-0.80072034899777
"VB","yLogScore",-0.872567580574934
"MCMC","yLogScore",-5.78889608459075
"VB","yLogScore",-2.68582011199279
"MCMC","yLogScore",-0.598717996448011
"VB","yLogScore",-0.823891007238992
"MCMC","yLogScore",-1.90747976920322
"VB","yLogScore",-1.26609143625121
"MCMC","yLogScore",-4.95023793556014
"VB","yLogScore",-1.73309431616411
"MCMC","yLogScore",-3.43587244456765
"VB","yLogScore",-1.65424574873453
"MCMC","yLogScore",-0.846957302946805
"VB","yLogScore",-0.933460121246265
"MCMC","yLogScore",-0.0681224712423432
"VB","yLogScore",-0.643154147362132
"MCMC","yLogScore",-4.13840282458329
"VB","yLogScore",-2.02141603403336
"MCMC","yLogScore",-0.0936716995096962
"VB","yLogScore",-0.66973948009689
"MCMC","yLogScore",-0.237979514739524
"VB","yLogScore",-0.680061269049595
"MCMC","yLogScore",-4.62546240364609
"VB","yLogScore",-2.29804878775667
"MCMC","yLogScore",-2.64484614242884
"VB","yLogScore",-1.53170566186091
"MCMC","yLogScore",-3.64388557078663
"VB","yLogScore",-1.69958445590586
"MCMC","yLogScore",-0.266002711026298
"VB","yLogScore",-0.704082954544087
"MCMC","yLogScore",-0.286944340740174
"VB","yLogScore",-0.707810607699579
"MCMC","yLogScore",-2.22420676604333
"VB","yLogScore",-1.36924470700324
"MCMC","yLogScore",-0.136847392774697
"VB","yLogScore",-0.705938725500725
"MCMC","yLogScore",-2.60162950691636
"VB","yLogScore",-1.48564711761562
"MCMC","yLogScore",-0.871726956219645
"VB","yLogScore",-0.9469021979424
"MCMC","yLogScore",-0.0418865530970266
"VB","yLogScore",-0.639641955482164
"MCMC","yLogScore",-0.324083524230865
"VB","yLogScore",-0.703223307649157
"MCMC","yLogScore",-1.0360512319413
"VB","yLogScore",-1.00589975381907
"MCMC","yLogScore",-0.169609077369111
"VB","yLogScore",-0.685867704572221
"MCMC","yLogScore",-5.037124781159
"VB","yLogScore",-2.49045989685237
"MCMC","yLogScore",-1.14957990930265
"VB","yLogScore",-1.05455550853918
"MCMC","yLogScore",-0.36898035226843
"VB","yLogScore",-0.759864678205623
"MCMC","yLogScore",-0.16058660282396
"VB","yLogScore",-0.75566362623577
"MCMC","yLogScore",-1.1503098279225
"VB","yLogScore",-1.0390749813822
"MCMC","yLogScore",-2.91152375770782
"VB","yLogScore",-1.42840205749545
"MCMC","yLogScore",-0.761498346060953
"VB","yLogScore",-0.834157232224416
"MCMC","yLogScore",-0.387583236320834
"VB","yLogScore",-0.7308321003873
"MCMC","yLogScore",-6.38048418077871
"VB","yLogScore",-2.94301836405818
"MCMC","yLogScore",-2.87282093071298
"VB","yLogScore",-1.68405296632589
"MCMC","yLogScore",-3.69096431605616
"VB","yLogScore",-1.80467417706849
"MCMC","yLogScore",-0.10728561246075
"VB","yLogScore",-0.664710296703069
"MCMC","yLogScore",-3.41903826416364
"VB","yLogScore",-1.85773148475832
"MCMC","yLogScore",-0.318856976324339
"VB","yLogScore",-0.725482025823657
"MCMC","yLogScore",-0.249847863730715
"VB","yLogScore",-0.737316777272529
"MCMC","yLogScore",-1.64266567865211
"VB","yLogScore",-1.05879423188274
"MCMC","yLogScore",-3.032573919453
"VB","yLogScore",-1.72957828332899
"MCMC","yLogScore",-0.359734067644338
"VB","yLogScore",-0.685384048468803
"MCMC","yLogScore",-0.958537043134105
"VB","yLogScore",-0.970250570251594
"MCMC","yLogScore",-0.260868040094891
"VB","yLogScore",-0.738801251010973
"MCMC","yLogScore",-0.477415844289323
"VB","yLogScore",-0.749398645680184
"MCMC","yLogScore",-2.04655867443909
"VB","yLogScore",-1.35376646490803
"MCMC","yLogScore",-9.73566966204704
"VB","yLogScore",-3.67491915289669
"MCMC","yLogScore",-1.34932290009195
"VB","yLogScore",-1.04324745957443
"MCMC","yLogScore",-7.13092635233303
"VB","yLogScore",-2.61012238892125
"MCMC","yLogScore",-0.991109523145021
"VB","yLogScore",-0.916486764523158
"MCMC","yLogScore",-1.45189100050162
"VB","yLogScore",-1.14091806455304
"MCMC","yLogScore",-2.02836527233944
"VB","yLogScore",-1.34339046493176
"MCMC","yLogScore",-6.41060234966285
"VB","yLogScore",-2.40183379513925
"MCMC","yLogScore",-1.66007811609665
"VB","yLogScore",-1.2026757718526
"MCMC","yLogScore",-1.40830346447496
"VB","yLogScore",-1.13484799988318
"MCMC","yLogScore",-4.0021553321866
"VB","yLogScore",-1.96572520834157
"MCMC","yLogScore",-0.417740893081374
"VB","yLogScore",-0.777415116413773
"MCMC","yLogScore",-3.11704003068255
"VB","yLogScore",-1.43927834668358
"MCMC","yLogScore",-0.675960915404247
"VB","yLogScore",-0.898614716515486
"MCMC","yLogScore",-6.87659552094108
"VB","yLogScore",-2.92862995258423
"MCMC","yLogScore",-0.146632143033847
"VB","yLogScore",-0.714261229983192
"MCMC","yLogScore",-0.58024463427107
"VB","yLogScore",-0.846151007921848
"MCMC","yLogScore",-2.13269355962878
"VB","yLogScore",-1.42040765909835
"MCMC","yLogScore",-0.126961629670547
"VB","yLogScore",-0.748347574111512
"MCMC","yLogScore",-1.56952406251626
"VB","yLogScore",-1.1849531265799
"MCMC","yLogScore",-0.168080310524859
"VB","yLogScore",-0.642293163741522
"MCMC","yLogScore",-3.15145405548671
"VB","yLogScore",-1.65874457547822
"MCMC","yLogScore",-0.359384454413049
"VB","yLogScore",-0.710833160943626
"MCMC","yLogScore",-6.85570046653006
"VB","yLogScore",-2.690990895895
"MCMC","yLogScore",-0.127801244585344
"VB","yLogScore",-0.713499338259632
"MCMC","yLogScore",-0.597371800175073
"VB","yLogScore",-0.78589161493149
"MCMC","yLogScore",-4.06751407231601
"VB","yLogScore",-1.85937896821611
"MCMC","yLogScore",-0.836894418483749
"VB","yLogScore",-0.863608446943266
"MCMC","yLogScore",0.0115414326894741
"VB","yLogScore",-0.615666755613862
"MCMC","yLogScore",-1.29118452326028
"VB","yLogScore",-1.05918596866134
"MCMC","yLogScore",-0.0157334870011262
"VB","yLogScore",-0.656896182306326
"MCMC","yLogScore",-0.25039677017269
"VB","yLogScore",-0.723464930749652
"MCMC","yLogScore",-0.244518502349484
"VB","yLogScore",-0.743711071669278
"MCMC","yLogScore",-2.43423567091366
"VB","yLogScore",-1.32687048288871
"MCMC","yLogScore",-3.38117456194023
"VB","yLogScore",-2.05278176075333
"MCMC","yLogScore",-1.56733109002032
"VB","yLogScore",-1.0627544300777
"MCMC","yLogScore",-2.76678453137351
"VB","yLogScore",-1.45567110865573
"MCMC","yLogScore",-0.20010427907714
"VB","yLogScore",-0.669728152876594
"MCMC","yLogScore",-1.60856363299657
"VB","yLogScore",-1.15797348632887
"MCMC","yLogScore",-1.06447544961557
"VB","yLogScore",-0.932375840598179
"MCMC","yLogScore",-4.41631126917707
"VB","yLogScore",-2.13498159580189
"MCMC","yLogScore",-0.12179661882381
"VB","yLogScore",-0.687074814233503
"MCMC","yLogScore",-0.149787735843396
"VB","yLogScore",-0.68000904331017
"MCMC","yLogScore",-0.318472298874032
"VB","yLogScore",-0.745513040443315
"MCMC","yLogScore",-0.0984815261040168
"VB","yLogScore",-0.696196299872634
"MCMC","yLogScore",-0.382960609483385
"VB","yLogScore",-0.739123175592434
"MCMC","yLogScore",-0.919171497342354
"VB","yLogScore",-0.883719826265693
"MCMC","yLogScore",-1.29411354007822
"VB","yLogScore",-1.04279493900388
"MCMC","yLogScore",-0.13998167997506
"VB","yLogScore",-0.611902652475929
"MCMC","yLogScore",-0.644916416351699
"VB","yLogScore",-0.866774674502787
"MCMC","yLogScore",-2.40685966187352
"VB","yLogScore",-1.42444916323532
"MCMC","yLogScore",-0.0856322012951533
"VB","yLogScore",-0.626549767821824
"MCMC","yLogScore",-2.21346543659291
"VB","yLogScore",-1.18433415551921
"MCMC","yLogScore",-2.61222628742725
"VB","yLogScore",-1.32758711305396
"MCMC","yLogScore",-0.0316601525637525
"VB","yLogScore",-0.641722046243766
"MCMC","yLogScore",-0.764313174811494
"VB","yLogScore",-0.904081158253533
"MCMC","yLogScore",-0.242736268307111
"VB","yLogScore",-0.712185163404926
"MCMC","yLogScore",-0.343849119381995
"VB","yLogScore",-0.714336450476286
"MCMC","yLogScore",-1.70903124271671
"VB","yLogScore",-1.09734522857695
"MCMC","yLogScore",-0.122427269410403
"VB","yLogScore",-0.665666227746185
"MCMC","yLogScore",-0.344045687158192
"VB","yLogScore",-0.725493297777394
"MCMC","yLogScore",-0.213701742211411
"VB","yLogScore",-0.748601240401647
"MCMC","yLogScore",-0.267208470155394
"VB","yLogScore",-0.70876189130049
"MCMC","yLogScore",-1.56129471249197
"VB","yLogScore",-1.06798328791649
"MCMC","yLogScore",-7.80823687542266
"VB","yLogScore",-2.85512039316383
"MCMC","yLogScore",-0.275252819882419
"VB","yLogScore",-0.745319349477846
"MCMC","yLogScore",0.0163107566614617
"VB","yLogScore",-0.685227547359874
"MCMC","yLogScore",-2.96335588219069
"VB","yLogScore",-1.58258927566869
"MCMC","yLogScore",-0.638126772656576
"VB","yLogScore",-0.883700332303302
"MCMC","yLogScore",-3.95765060288889
"VB","yLogScore",-1.88410312387196
"MCMC","yLogScore",-4.84031767067642
"VB","yLogScore",-2.19744046526028
"MCMC","yLogScore",-0.055698060940508
"VB","yLogScore",-0.650251009513978
"MCMC","yLogScore",-0.732599832263349
"VB","yLogScore",-0.857711133996325
"MCMC","yLogScore",-4.52218811408319
"VB","yLogScore",-2.01548044435341
"MCMC","yLogScore",-1.79211020925238
"VB","yLogScore",-1.17567414185174
"MCMC","yLogScore",-1.97761560387793
"VB","yLogScore",-1.16100041635624
"MCMC","yLogScore",-0.323068490727836
"VB","yLogScore",-0.757283451745017
"MCMC","yLogScore",-0.152439840600174
"VB","yLogScore",-0.704577579136699
"MCMC","yLogScore",-0.193446246267329
"VB","yLogScore",-0.711476545401361
"MCMC","yLogScore",-0.0774345226033962
"VB","yLogScore",-0.709257387877406
"MCMC","yLogScore",-5.76546485440204
"VB","yLogScore",-1.88745188514704
"MCMC","yLogScore",-3.21845121132167
"VB","yLogScore",-1.64254749261104
"MCMC","yLogScore",-0.656500559252325
"VB","yLogScore",-0.851451740052925
"MCMC","yLogScore",-0.342239298117114
"VB","yLogScore",-0.755357660443904
"MCMC","yLogScore",-1.43234614864203
"VB","yLogScore",-1.0987519728926
"MCMC","yLogScore",-0.0387433594401948
"VB","yLogScore",-0.634527578375388
"MCMC","yLogScore",-0.253898902543533
"VB","yLogScore",-0.682647674405278
"MCMC","yLogScore",-0.378377272755882
"VB","yLogScore",-0.767523737266429
"MCMC","yLogScore",-7.49056782340186
"VB","yLogScore",-2.82007286662449
"MCMC","yLogScore",-0.52657483451952
"VB","yLogScore",-0.818983088750062
"MCMC","yLogScore",-0.150795001486508
"VB","yLogScore",-0.719421080543172
"MCMC","yLogScore",-1.24416485296673
"VB","yLogScore",-1.10733208169287
"MCMC","yLogScore",-0.149320464200634
"VB","yLogScore",-0.688599079430443
"MCMC","yLogScore",-0.0565149813691381
"VB","yLogScore",-0.654410270434
"MCMC","yLogScore",-0.307056416443185
"VB","yLogScore",-0.788813670833424
"MCMC","yLogScore",-6.78240308435917
"VB","yLogScore",-2.7536532291854
"MCMC","yLogScore",-0.320407332033819
"VB","yLogScore",-0.765855246246616
"MCMC","yLogScore",-0.0614460941667602
"VB","yLogScore",-0.687313311344198
"MCMC","yLogScore",-1.83910512281769
"VB","yLogScore",-1.27041552813067
"MCMC","yLogScore",-1.96504759149771
"VB","yLogScore",-1.30155256081076
"MCMC","yLogScore",0.00795928378202437
"VB","yLogScore",-0.625225101923277
"MCMC","yLogScore",-0.555758220201697
"VB","yLogScore",-0.744066629714218
"MCMC","yLogScore",-4.13474679523737
"VB","yLogScore",-2.13515175697251
"MCMC","yLogScore",-0.412518672119499
"VB","yLogScore",-0.800611944894778
"MCMC","yLogScore",-3.05726360985221
"VB","yLogScore",-1.5754464753695
"MCMC","yLogScore",-1.24618121345678
"VB","yLogScore",-1.04689067839399
"MCMC","yLogScore",-0.099212184165757
"VB","yLogScore",-0.703679456399815
"MCMC","yLogScore",0.162272089189852
"VB","yLogScore",-0.543909876176377
"MCMC","yLogScore",-1.45583961947203
"VB","yLogScore",-1.135056417814
"MCMC","yLogScore",-0.0465900676578721
"VB","yLogScore",-0.623309266596025
"MCMC","yLogScore",-2.7316912695709
"VB","yLogScore",-1.51385011904044
"MCMC","yLogScore",-0.612936597601918
"VB","yLogScore",-0.806172676525753
"MCMC","yLogScore",-0.259512988594075
"VB","yLogScore",-0.751388065656655
"MCMC","yLogScore",-0.124320237189562
"VB","yLogScore",-0.658776705740141
"MCMC","yLogScore",-0.404457047123545
"VB","yLogScore",-0.774814809382473
"MCMC","yLogScore",-0.211521117159511
"VB","yLogScore",-0.740538445048425
"MCMC","yLogScore",-0.299601339088967
"VB","yLogScore",-0.763119254626855
"MCMC","yLogScore",-0.0619294235386947
"VB","yLogScore",-0.659702110807392
"MCMC","yLogScore",-0.144863020038262
"VB","yLogScore",-0.648430534852938
"MCMC","yLogScore",-1.27274234950382
"VB","yLogScore",-1.01813659098293
"MCMC","yLogScore",-0.24500430675411
"VB","yLogScore",-0.693993941129211
"MCMC","yLogScore",-5.71857370305968
"VB","yLogScore",-2.72985379111975
"MCMC","yLogScore",-0.341141098222032
"VB","yLogScore",-0.734758957007834
"MCMC","yLogScore",-0.39976360890001
"VB","yLogScore",-0.784457922669532
"MCMC","yLogScore",-0.939135219523063
"VB","yLogScore",-0.998192856885637
"MCMC","yLogScore",-0.71180370805437
"VB","yLogScore",-0.885143617629989
"MCMC","yLogScore",-1.34384240294974
"VB","yLogScore",-0.974364509574362
"MCMC","yLogScore",-1.0486703295301
"VB","yLogScore",-0.984012408079779
"MCMC","yLogScore",-0.311942121833482
"VB","yLogScore",-0.733868368110943
"MCMC","yLogScore",-0.24745290772872
"VB","yLogScore",-0.750445830649507
"MCMC","yLogScore",-0.332930017969336
"VB","yLogScore",-0.763185604859776
"MCMC","yLogScore",-3.20577052773356
"VB","yLogScore",-1.57367155228933
"MCMC","yLogScore",-5.07050926479662
"VB","yLogScore",-2.1687960635844
"MCMC","yLogScore",-0.106430770685468
"VB","yLogScore",-0.633944635159764
"MCMC","yLogScore",-0.814165788758574
"VB","yLogScore",-0.905891301495721
"MCMC","yLogScore",-0.21882276675905
"VB","yLogScore",-0.692942312594246
"MCMC","yLogScore",-5.57324629859542
"VB","yLogScore",-2.28233848159677
"MCMC","yLogScore",-0.777928880871371
"VB","yLogScore",-0.925586633174626
"MCMC","yLogScore",-1.23784630934567
"VB","yLogScore",-1.00529461407529
"MCMC","yLogScore",-0.0588798719615358
"VB","yLogScore",-0.640629275400434
"MCMC","yLogScore",-0.414956844871362
"VB","yLogScore",-0.755758525415592
"MCMC","yLogScore",-0.182067525548407
"VB","yLogScore",-0.714624844760768
"MCMC","yLogScore",-0.135508965031923
"VB","yLogScore",-0.691308852519993
"MCMC","yLogScore",-2.55132383741773
"VB","yLogScore",-1.33528869213436
"MCMC","yLogScore",-0.156826970153328
"VB","yLogScore",-0.731128815234513
"MCMC","yLogScore",-0.573685036842075
"VB","yLogScore",-0.804712092964164
"MCMC","yLogScore",-0.0989497389738044
"VB","yLogScore",-0.719118592143088
"MCMC","yLogScore",-0.348113464301818
"VB","yLogScore",-0.713138488326942
"MCMC","yLogScore",-2.79586856155546
"VB","yLogScore",-1.61492048337437
"MCMC","yLogScore",-0.274641110887848
"VB","yLogScore",-0.706365537271221
"MCMC","yLogScore",-0.0446485939585939
"VB","yLogScore",-0.662890743903955
"MCMC","yLogScore",-1.21152421267963
"VB","yLogScore",-1.05175632803896
"MCMC","yLogScore",-0.257966472994951
"VB","yLogScore",-0.736762451490999
"MCMC","yLogScore",-1.75476634513989
"VB","yLogScore",-1.23551198594017
"MCMC","yLogScore",-5.64110245489615
"VB","yLogScore",-1.99587568271081
"MCMC","yLogScore",-2.99275234155621
"VB","yLogScore",-1.635667896726
"MCMC","yLogScore",-0.27723458604053
"VB","yLogScore",-0.679869758059953
"MCMC","yLogScore",-0.275590116425152
"VB","yLogScore",-0.752940319497067
"MCMC","yLogScore",-0.140652372922474
"VB","yLogScore",-0.676670891416698
"MCMC","yLogScore",-9.85149413199408
"VB","yLogScore",-3.66305111345814
"MCMC","yLogScore",-0.252329912567035
"VB","yLogScore",-0.714470408749246
"MCMC","yLogScore",-8.24591146593974
"VB","yLogScore",-3.23278953029103
"MCMC","yLogScore",-2.628184037086
"VB","yLogScore",-1.51907485220968
"MCMC","yLogScore",-0.885196895919878
"VB","yLogScore",-0.930782406242505
"MCMC","yLogScore",-0.744830276890679
"VB","yLogScore",-0.845603926899769
"MCMC","yLogScore",-3.08099113520699
"VB","yLogScore",-1.55948639211649
"MCMC","yLogScore",-0.11308261076432
"VB","yLogScore",-0.675053953830524
"MCMC","yLogScore",-0.0486778885706826
"VB","yLogScore",-0.657010613587541
"MCMC","yLogScore",-1.58707501988247
"VB","yLogScore",-1.23277600950447
"MCMC","yLogScore",-6.04654046446656
"VB","yLogScore",-2.38632183350552
"MCMC","yLogScore",-3.40515210122937
"VB","yLogScore",-1.4084668915894
"MCMC","yLogScore",-0.185729558414722
"VB","yLogScore",-0.725337037760316
"MCMC","yLogScore",-1.9953635493856
"VB","yLogScore",-1.31526927157999
"MCMC","yLogScore",-0.00424324400639319
"VB","yLogScore",-0.621825618463052
"MCMC","yLogScore",-0.159876282416579
"VB","yLogScore",-0.704922359692336
"MCMC","yLogScore",-0.637462135849895
"VB","yLogScore",-0.828023529530366
"MCMC","yLogScore",-0.106259960757219
"VB","yLogScore",-0.650305706725548
"MCMC","yLogScore",-3.27200291765924
"VB","yLogScore",-1.57504026087255
"MCMC","yLogScore",-0.35814717256563
"VB","yLogScore",-0.730714164892565
"MCMC","yLogScore",-0.0127300159509107
"VB","yLogScore",-0.653076835632813
"MCMC","yLogScore",-9.91917381215595
"VB","yLogScore",-3.7176990402947
"MCMC","yLogScore",-4.75363317660874
"VB","yLogScore",-2.16227612964447
"MCMC","yLogScore",-1.17982768524351
"VB","yLogScore",-1.07048139258072
"MCMC","yLogScore",-1.59002742447573
"VB","yLogScore",-1.16267088651498
"MCMC","yLogScore",-0.0944365589965607
"VB","yLogScore",-0.711373512994971
"MCMC","yLogScore",-2.38774262743368
"VB","yLogScore",-1.27487665902549
"MCMC","yLogScore",-2.33445235174851
"VB","yLogScore",-1.25698224486744
"MCMC","yLogScore",-0.493922219845443
"VB","yLogScore",-0.770653241696976
"MCMC","yLogScore",-0.18787704530949
"VB","yLogScore",-0.698319529587168
"MCMC","yLogScore",-0.0688159063111845
"VB","yLogScore",-0.635327508318763
"MCMC","yLogScore",-0.289296402088022
"VB","yLogScore",-0.698859259662727
"MCMC","yLogScore",-2.44503633046376
"VB","yLogScore",-1.44876102869451
"MCMC","yLogScore",-0.421924600461335
"VB","yLogScore",-0.775388499101363
"MCMC","yLogScore",-2.62914953101961
"VB","yLogScore",-1.43117799549399
"MCMC","yLogScore",-0.715720768341048
"VB","yLogScore",-0.857441223072404
"MCMC","yLogScore",-1.8962510537156
"VB","yLogScore",-1.16410423220497
"MCMC","yLogScore",-0.243396743261085
"VB","yLogScore",-0.735845865275208
"MCMC","yLogScore",-0.852552244525468
"VB","yLogScore",-0.903785768029437
"MCMC","yLogScore",-0.211885998456759
"VB","yLogScore",-0.733514054671686
"MCMC","yLogScore",-0.382741891088627
"VB","yLogScore",-0.76739074075637
"MCMC","yLogScore",-0.239340900080305
"VB","yLogScore",-0.721866944320802
"MCMC","yLogScore",-0.403834296639423
"VB","yLogScore",-0.786052299277101
"MCMC","yLogScore",-0.147105693496464
"VB","yLogScore",-0.713797777184265
"MCMC","yLogScore",-0.936856874244862
"VB","yLogScore",-0.935294660436606
"MCMC","yLogScore",-2.72944659547155
"VB","yLogScore",-1.48646708910474
"MCMC","yLogScore",-0.325697223659207
"VB","yLogScore",-0.710758635004146
"MCMC","yLogScore",-2.2676666118464
"VB","yLogScore",-1.38695935671687
"MCMC","yLogScore",-0.600656957290557
"VB","yLogScore",-0.871479457973545
"MCMC","yLogScore",-0.401334167662281
"VB","yLogScore",-0.789181370014265
"MCMC","yLogScore",-0.376351129450504
"VB","yLogScore",-0.714770943945278
"MCMC","yLogScore",-0.134330770669819
"VB","yLogScore",-0.721116058460628
"MCMC","yLogScore",-0.576611407686106
"VB","yLogScore",-0.807862182774939
"MCMC","yLogScore",-1.81852808747075
"VB","yLogScore",-1.17408620890125
"MCMC","yLogScore",-1.48378135049115
"VB","yLogScore",-1.10870237232611
"MCMC","yLogScore",-3.99048037615025
"VB","yLogScore",-1.88399663512698
"MCMC","yLogScore",-3.4606243420553
"VB","yLogScore",-1.64986107717166
"MCMC","yLogScore",-3.02504075151196
"VB","yLogScore",-1.73872138774577
"MCMC","yLogScore",-7.71997835619479
"VB","yLogScore",-2.98495304469531
"MCMC","yLogScore",-2.02128979847666
"VB","yLogScore",-1.38256868074637
"MCMC","yLogScore",-0.496529584829007
"VB","yLogScore",-0.770060087824979
"MCMC","yLogScore",0.0120206058044057
"VB","yLogScore",-0.662560827670668
"MCMC","yLogScore",-4.3732720120103
"VB","yLogScore",-2.02589244290749
"MCMC","yLogScore",-0.266961007156098
"VB","yLogScore",-0.654393094735132
"MCMC","yLogScore",-1.12961766473207
"VB","yLogScore",-1.02740577994778
"MCMC","yLogScore",-0.0341715570697694
"VB","yLogScore",-0.637886950077352
"MCMC","yLogScore",-1.96197992996545
"VB","yLogScore",-1.42329737472308
"MCMC","yLogScore",-0.229616844354301
"VB","yLogScore",-0.776782019276612
"MCMC","yLogScore",-0.02519415605363
"VB","yLogScore",-0.643647722263157
"MCMC","yLogScore",-4.080230621132
"VB","yLogScore",-2.01206669256005
"MCMC","yLogScore",-0.250758255193382
"VB","yLogScore",-0.77303206935204
"MCMC","yLogScore",-1.7349235839825
"VB","yLogScore",-1.12208833867756
"MCMC","yLogScore",-0.341599303129062
"VB","yLogScore",-0.713779359681241
"MCMC","yLogScore",-0.793383419651595
"VB","yLogScore",-0.907385815141791
"MCMC","yLogScore",-2.24506452476974
"VB","yLogScore",-1.34424882524678
"MCMC","yLogScore",-20.8581902961755
"VB","yLogScore",-6.38608617512121
"MCMC","yLogScore",-0.418633662628743
"VB","yLogScore",-0.731071892780517
"MCMC","yLogScore",-9.41736852972013
"VB","yLogScore",-2.55475751795441
"MCMC","yLogScore",-3.11546708000267
"VB","yLogScore",-1.76187120222828
"MCMC","yLogScore",-0.453229925316188
"VB","yLogScore",-0.790970886495074
"MCMC","yLogScore",-1.57602838293927
"VB","yLogScore",-1.13066533140932
"MCMC","yLogScore",-0.213886750921582
"VB","yLogScore",-0.714107502227199
"MCMC","yLogScore",-4.92287283188626
"VB","yLogScore",-2.00276655555568
"MCMC","yLogScore",-1.82579866173163
"VB","yLogScore",-1.26853849280082
"MCMC","yLogScore",-0.0594908952841121
"VB","yLogScore",-0.674686334806491
"MCMC","yLogScore",-0.299093866251209
"VB","yLogScore",-0.752848517624411
"MCMC","yLogScore",-0.0496276283814525
"VB","yLogScore",-0.621567036885923
"MCMC","yLogScore",-1.08051163820421
"VB","yLogScore",-1.05060537541766
"MCMC","yLogScore",-3.74431269567884
"VB","yLogScore",-2.01299352805566
"MCMC","yLogScore",-6.95248785872494
"VB","yLogScore",-2.96827875118153
"MCMC","yLogScore",-0.533446450143227
"VB","yLogScore",-0.760826305218994
"MCMC","yLogScore",-0.269710662391839
"VB","yLogScore",-0.754381760738376
"MCMC","yLogScore",-0.95173545898219
"VB","yLogScore",-0.926687670822023
"MCMC","yLogScore",-4.18447240806847
"VB","yLogScore",-1.8215531689875
"MCMC","yLogScore",-2.55972717553991
"VB","yLogScore",-1.30156240237124
"MCMC","yLogScore",-0.49847582536948
"VB","yLogScore",-0.802635317883314
"MCMC","yLogScore",-1.00474245845813
"VB","yLogScore",-0.941030403016569
"MCMC","yLogScore",-2.74667979893365
"VB","yLogScore",-1.61452528190086
"MCMC","yLogScore",-10.2679248618429
"VB","yLogScore",-3.54782071211006
"MCMC","yLogScore",-0.0109109514212164
"VB","yLogScore",-0.731796153801777
"MCMC","yLogScore",-2.05160858484114
"VB","yLogScore",-1.36173953721253
"MCMC","yLogScore",-0.738644276709306
"VB","yLogScore",-0.91751238694626
"MCMC","yLogScore",-0.183902357710819
"VB","yLogScore",-0.692097014335088
"MCMC","yLogScore",-0.178413607894312
"VB","yLogScore",-0.713093818174734
"MCMC","yLogScore",-0.64164723096048
"VB","yLogScore",-0.787227591229939
"MCMC","yLogScore",-0.512392662031473
"VB","yLogScore",-0.791710959818075
"MCMC","yLogScore",-1.65130236720468
"VB","yLogScore",-1.21189037482567
"MCMC","yLogScore",-0.141362425216526
"VB","yLogScore",-0.704235759116856
"MCMC","yLogScore",-2.19775245128637
"VB","yLogScore",-1.34250833199879
"MCMC","yLogScore",-2.53318159886502
"VB","yLogScore",-1.51557833101042
"MCMC","yLogScore",-0.0366447835652323
"VB","yLogScore",-0.622743326944538
"MCMC","yLogScore",-1.84856029184821
"VB","yLogScore",-1.34840890295973
"MCMC","yLogScore",-3.45394740190506
"VB","yLogScore",-1.90266303788505
"MCMC","yLogScore",-18.1721444744262
"VB","yLogScore",-5.41391924071598
"MCMC","yLogScore",-1.68253211453278
"VB","yLogScore",-1.10246215549919
"MCMC","yLogScore",-0.129765848193476
"VB","yLogScore",-0.69559373902996
"MCMC","yLogScore",-0.0375097899521118
"VB","yLogScore",-0.659983028421418
"MCMC","yLogScore",-0.182462899343776
"VB","yLogScore",-0.725835771000264
"MCMC","yLogScore",-3.99940874909123
"VB","yLogScore",-1.83783953662444
"MCMC","yLogScore",-5.00640717214176
"VB","yLogScore",-2.18074001151005
"MCMC","yLogScore",-0.762222645697963
"VB","yLogScore",-0.903840365502978
"MCMC","yLogScore",-1.45394443964865
"VB","yLogScore",-1.10886047748408
"MCMC","yLogScore",-0.311574265605838
"VB","yLogScore",-0.768720878834072
"MCMC","yLogScore",-1.76079066037301
"VB","yLogScore",-1.22647904356101
"MCMC","yLogScore",0.054765345033897
"VB","yLogScore",-0.538483466067723
"MCMC","yLogScore",-0.52188345634649
"VB","yLogScore",-0.786610364753772
"MCMC","yLogScore",-0.281445184135792
"VB","yLogScore",-0.723405488939669
"MCMC","yLogScore",-0.608389188034518
"VB","yLogScore",-0.811154738948682
"MCMC","yLogScore",-1.98685031716876
"VB","yLogScore",-1.2966454204245
"MCMC","yLogScore",-0.878301784028484
"VB","yLogScore",-0.934871023580493
"MCMC","yLogScore",-0.288526306400316
"VB","yLogScore",-0.699740733341739
"MCMC","yLogScore",-0.114690385670155
"VB","yLogScore",-0.671177812350079
"MCMC","yLogScore",-0.101232031647176
"VB","yLogScore",-0.62814569286942
"MCMC","yLogScore",-0.165789260504859
"VB","yLogScore",-0.675530294630165
"MCMC","yLogScore",-4.54294496363472
"VB","yLogScore",-2.10126935263002
"MCMC","yLogScore",-1.16165995246748
"VB","yLogScore",-0.958872041508019
"MCMC","yLogScore",-3.57114197308023
"VB","yLogScore",-1.88765707411444
"MCMC","yLogScore",-1.39374090559825
"VB","yLogScore",-1.03966736386158
"MCMC","yLogScore",-1.13271969623117
"VB","yLogScore",-0.994628075191203
"MCMC","yLogScore",-1.77263281404379
"VB","yLogScore",-1.20107592236536
"MCMC","yLogScore",-1.9806322168387
"VB","yLogScore",-1.25926596036671
"MCMC","yLogScore",-0.425610963449931
"VB","yLogScore",-0.805066083155294
"MCMC","yLogScore",-0.109067735397995
"VB","yLogScore",-0.642660803080078
"MCMC","yLogScore",-1.42773459324007
"VB","yLogScore",-1.07901412736572
"MCMC","yLogScore",-0.290874352718218
"VB","yLogScore",-0.736113675391187
"MCMC","yLogScore",-0.748836481661227
"VB","yLogScore",-0.84873717612769
"MCMC","yLogScore",-0.208932689240911
"VB","yLogScore",-0.646764130162982
"MCMC","yLogScore",-1.22685560642372
"VB","yLogScore",-1.03770559110421
"MCMC","yLogScore",-2.32855565698999
"VB","yLogScore",-1.34233824360946
"MCMC","yLogScore",-0.0551869124609682
"VB","yLogScore",-0.656545415673217
"MCMC","yLogScore",-0.249080627605862
"VB","yLogScore",-0.70202037481816
"MCMC","yLogScore",-0.264825405607401
"VB","yLogScore",-0.742224260458316
"MCMC","yLogScore",0.0704783391098409
"VB","yLogScore",-0.636730592820549
"MCMC","yLogScore",-6.24224709925112
"VB","yLogScore",-2.36970169467708
